ID,名称,别名,描述,重量,可堆叠,物品标签,等阶,持握,武器类型,伤害骰,暴击范围,武器标签,代用武器,劣质,盾牌,护甲部位,护甲类别,护甲值,行动点惩罚,视野惩罚,穿戴位,减重率,使用效果,使用提示,使用描述,用后保留
flashlight,手电筒,电筒、flashlight,一支强光手电筒，电量还剩一大半。握在手里夜里照得见路，抡起来也能当根短棍。,0.5,,,,单手,钝器,1d6,,,是,,,,,,,,,,,,,
crowbar,撬棍,crowbar,沉甸甸的钢制撬棍，能撬门，必要时也能当武器。,3,,,,双手,钝器,1d10,,招架,是,,,,,,,,,,,,,
canned_food,肉罐头,罐头、肉罐头、午餐肉、can,一罐午餐肉，保质期还有两年。拉开盖子就能吃，但吃多了会腻。,0.4,是,食物,,,,,,,,,,,,,,,,,食物 +30、生命 +1,,你拉开罐头盖，几口把里面的肉吃了下去。,
water,矿泉水,水、water,一瓶 550 毫升的矿泉水。喝下去解渴，也能缓过一点劲。,0.6,是,食物,,,,,,,,,,,,,,,,,水源 +30,,你拧开瓶盖，一口气喝了小半瓶。,
first_aid_kit,急救包,急救、first aid,医院发的急救包，里面有纱布、碘伏和几片止痛药。,1,是,,,,,,,,,,,,,,,,,,,,,
knife,军用匕首,匕首、刀、knife,退伍时偷偷留下的匕首，刀刃保养得很好。,0.3,,,,单手,轻刃,1d4,18-20,背刺、要害,,,,,,,,,,,,,,
energy_bar,能量棒,能量、energy bar,外卖箱里剩下的一根巧克力能量棒。,0.1,是,食物,,,,,,,,,,,,,,,,,食物 +10、体力 25%,食物 +10、体力 +25%,你撕开包装纸，几口把能量棒吞了下去，胃里一阵发热。,
power_bank,充电宝,power bank,一个 20000 毫安的充电宝，还剩一半电。,0.4,是,,,,,,,,,,,,,,,,,,,,,
machete,开山刀,砍刀、machete,保安亭里找到的开山刀，刀身快有小臂那么长，刃口有几处缺口。,1.2,,,,单手,重刃,1d8,,,,,,,,,,,,,,,,
motorcycle_helmet,摩托车头盔,头盔、helmet,一顶摩托车全盔，面罩裂了一道缝，但外壳还算结实。（轻甲套装：骑行护具）,1.5,,,,,,,,,,,,头部,轻甲,2,,,,,,,,
riot_shield,防暴盾牌,盾牌、盾、shield,一面透明的聚碳酸酯防暴盾，边缘有几道深深的抓痕。,4,,,,单手,,,,,,,是,,,,,,,,,,,
riding_jacket,骑行夹克,夹克,内衬护板的机车夹克，肩肘都有硬壳。（轻甲套装：骑行护具）,2,,,,,,,,,,,,身体,轻甲,3,,,,,,,,
riding_pants,骑行护裤,护裤,膝盖和胯部缝着护具的骑行裤。（轻甲套装：骑行护具）,1.5,,,,,,,,,,,,腿部,轻甲,2,,,,,,,,
riot_vest,防暴护甲,防暴背心,警用防暴服的胸甲部分，分量很沉。（重甲套装：防暴装备）,8,,,,,,,,,,,,身体,重甲,6,3,,,,,,,
riot_helmet,防暴头盔,,带面罩的防暴头盔，护得严实，但挡住了不少视线。（重甲套装：防暴装备）,2.5,,,,,,,,,,,,头部,重甲,4,2,2,,,,,,
riot_greaves,防暴护腿,护腿,从大腿护到脚背的硬质护腿。（重甲套装：防暴装备）,5,,,,,,,,,,,,腿部,重甲,4,2,,,,,,,
riding_gloves,骑行手套,手套,指节缝着硬壳的骑行手套。（轻甲套装：骑行护具）,0.3,,,,,,,,,,,,手部,轻甲,1,,,,,,,,
riding_boots,骑行靴,靴子,高帮的骑行靴，脚踝有护板。（轻甲套装：骑行护具）,1.2,,,,,,,,,,,,脚部,轻甲,1,,,,,,,,
riot_gauntlets,防暴护手,护手,带硬质护板的防暴手套，手指不太灵活。（重甲套装：防暴装备）,1.5,,,,,,,,,,,,手部,重甲,2,1,,,,,,,
riot_boots,防暴靴,,鞋头包钢的防暴靴，走起来咚咚响。（重甲套装：防暴装备）,2.5,,,,,,,,,,,,脚部,重甲,2,1,,,,,,,
scimitar,弯刀,scimitar,刀身弯成一道弧线的单手刀，砍起来很顺手。,1.2,,,,单手,重刃,1d6,18-20,要害,,,,,,,,,,,,,,
ritual_scimitar,祭祀弯刀,祭祀刀,刀背刻满看不懂的纹路，血槽很深。不知道是谁、为了什么做的。（高稀有度）,1.2,,,,单手,重刃,1d6,18-20,要害、流血,,,,,,,,,,,,,,
fire_axe,消防斧,斧头、消防斧、axe,消防站里挂在墙上的破拆斧，一头是斧刃一头是尖镐，握着就能感觉到分量。,3.2,,,,双手,重刃,1d10,,沉重,,,,,,,,,,,,,,
steel_pipe,钢管,铁管、水管、pipe,五金店脚手架拆下来的一截镀锌钢管，两头还带着螺纹。,1.5,,,,单手,钝器,1d8,,,是,,,,,,,,,,,,,
bandage,绷带,纱布、绷带、bandage,医院里成卷的无菌绷带，压住伤口能止住血。,0.1,是,寻常医疗物资,,,,,,,,,,,,,,,,,解除 流血,止住流血,你咬着牙把绷带一圈圈缠紧，血总算慢慢止住了。,
painkiller,止痛药,药片、止痛药、painkiller,药房里翻出来的布洛芬，瓶盖早就丢了，只剩小半瓶。,0.05,是,,,,,,,,,,,,,,,,,,生命 +3、体力 +10,,你干咽下两片药，过了一会儿，身上的疼钝了一些，人也没那么虚了。,
air_tank,空气呼吸器,氧气瓶、呼吸器、air tank,消防员的空气呼吸器，气瓶还剩小半罐。背着沉得要命，好在背带能把重量摊开。,12,,,,,,,,,,,,,,,,,背包,20,,,,
canned_biscuit,压缩饼干,饼干、压缩饼干、biscuit,应急储备里的压缩饼干，干得噎人，但顶饿。,0.25,是,食物,,,,,,,,,,,,,,,,,食物 +25,,你掰下一块压缩饼干嚼了半天，总算咽下去，嘴里干得发苦。,
bottled_water,桶装水,大桶水、桶装水、water jug,消防站饮水机上剩下的半桶纯净水，一个人扛着走不远。,5,是,,,,,,,,,,,,,,,,,,水源 +50,,你抬起水桶灌了几大口，凉水顺着喉咙下去，整个人都清醒了一点。,
